,K,var_explained,T2_limit,SPE_limit,TP,FP,FN,TN,TPR,FPR,Precision,F1
fail_corr (headline),12.0,0.9033557632635737,26.741020352494925,6.625545655621687,22.0,17.0,82.0,422.0,0.21153846153846154,0.0387243735763098,0.5641025641025641,0.30769230769230765
variance (robustness),18.0,0.9200389158708273,35.760006301560686,7.61075082643744,15.0,48.0,89.0,391.0,0.14423076923076922,0.10933940774487472,0.23809523809523808,0.17964071856287425
